SKU Number,Supplier,Supplier Type
SKUW1,The Write Stuff,International
SKUW2,The Write Stuff,International
SKUW3,The Write Stuff,International
SKUA1,Canvas & Co.,Domestic
SKUA2,Canvas & Co.,Domestic
SKUA3,Canvas & Co.,Domestic
SKUT1,Bound to Learn,Domestic
SKUT2,Bound to Learn,Domestic
SKUT3,Bound to Learn,Domestic
SKUT4,Bound to Learn,Domestic
SKUD1,Form & Function,Domestic
SKUD2,Form & Function,Domestic
SKUD3,Form & Function,Domestic
SKUC1,Form & Function,Domestic
SKUC2,Form & Function,Domestic
SKUE1,VoltEdge,International
SKUE2,VoltEdge,International
SKUE3,VoltEdge,International
